{
  "version": 1,
  "data": {
    "bloodyRiver": "BLOODY_RIVER",
    "bridge_coveredxTile": "bridge_coveredx",
    "bridge_coveredxoccludedTile": "bridge_coveredxoccluded",
    "bridge_coveredzTile": "bridge_coveredz",
    "bridge_coveredzoccludedTile": "bridge_coveredzoccluded",
    "bridge_openxTile": "bridge_openx",
    "bridge_openxoccludedTile": "bridge_openxoccluded",
    "bridge_openzTile": "bridge_openz",
    "bridge_openzoccludedTile": "bridge_openzoccluded",
    "buildingfloor1Tile": "buildingfloor1",
    "buildingfloor1occludedTile": "buildingfloor1occluded",
    "buildingfloor2Tile": "buildingfloor2",
    "buildingfloor2occludedTile": "buildingfloor2occluded",
    "buildingfloor3Tile": "buildingfloor3",
    "buildingfloor3occludedTile": "buildingfloor3occluded",
    "buildingfloor4Tile": "buildingfloor4",
    "buildingfloor4occludedTile": "buildingfloor4occluded",
    "buildingtallTile": "buildingtall",
    "buildingtalloccludedTile": "buildingtalloccluded",
    "buildingtallroofTile": "buildingtallroof",
    "endIsland": "END_ISLAND",
    "endIslandPlants": "END_ISLAND_PLANTS",
    "endVoid": "END_VOID",
    "fountainTile": "fountain",
    "fountainoccludedTile": "fountainoccluded",
    "highwayintersectionTile": "highwayintersection",
    "highwayintersectionoccludedTile": "highwayintersectionoccluded",
    "highwayxTile": "highwayx",
    "highwayxoccludedTile": "highwayxoccluded",
    "highwayzTile": "highwayz",
    "highwayzoccludedTile": "highwayzoccluded",
    "lava": "LAVA",
    "lavaShore": "LAVA_SHORE",
    "netherBridge": "NETHER_BRIDGE",
    "netherBridgeEndX": "NETHER_BRIDGE_END_X",
    "netherBridgeEndZ": "NETHER_BRIDGE_END_Z",
    "netherBridgeGate": "NETHER_BRIDGE_GATE",
    "netherBridgeX": "NETHER_BRIDGE_X",
    "netherBridgeZ": "NETHER_BRIDGE_Z",
    "netherFortStairs": "NETHER_FORT_STAIRS",
    "netherHall": "NETHER_HALL",
    "netherThrone": "NETHER_THRONE",
    "netherTower": "NETHER_TOWER",
    "netherWall": "NETHER_WALL",
    "npcVillageButchersShop": "BUTCHERS_SHOP",
    "npcVillageChurch": "CHURCH",
    "npcVillageFarmlandLarge": "FARMLAND_LARGE",
    "npcVillageFarmlandSmall": "FARMLAND_SMALL",
    "npcVillageHut": "HUT",
    "npcVillageLHouse": "L-HOUSE",
    "npcVillageLibrary": "LIBRARY",
    "npcVillageSmallHouse": "HOUSE_SMALL",
    "npcVillageSmithy": "SMITHY",
    "npcVillageTorch": "VILLAGE_TORCH",
    "npcVillageWell": "WELL",
    "parkTile": "park",
    "parkoccludedTile": "parkoccluded",
    "ravine": "RAVINE",
    "ruinfloor1Tile": "ruinfloor1",
    "ruinfloor1occludedTile": "ruinfloor1occluded",
    "ruinfloor2Tile": "ruinfloor2",
    "ruinfloor2occludedTile": "ruinfloor2occluded",
    "ruinfloor3Tile": "ruinfloor3",
    "ruinfloor3occludedTile": "ruinfloor3occluded",
    "ruinfloor4Tile": "ruinfloor4",
    "ruinfloor4occludedTile": "ruinfloor4occluded",
    "streetTile": "street",
    "streetoccludedTile": "streetoccluded",
    "trainrampleftTile": "trainrampleft",
    "trainrampleftoccludedTile": "trainrampleftoccluded",
    "trainramprightTile": "trainrampright",
    "trainramprightoccludedTile": "trainramprightoccluded",
    "trainstationopenTile": "trainstationopen",
    "trainstationopenoccludedTile": "trainstationopenoccluded",
    "trainstationroofedTile": "trainstationroofed",
    "trainstationroofedoccludedTile": "trainstationroofedoccluded"
  }
}