{
  "version": 1,
  "data": {
	"bloodyRiver": -55,
    "bridge_coveredxTile": -45,
    "bridge_coveredzTile": -43,
    "bridge_openxTile": -46,
    "bridge_openzTile": -41,
    "buildingfloor1Tile": -39,
    "buildingfloor2Tile": -34,
    "buildingfloor3Tile": -40,
    "buildingfloor4Tile": -36,
    "buildingtallTile": -30,
    "buildingtallroofTile": -31,
    "endIsland": -26,
    "endIslandPlants": -27,
    "endVoid": -28,
    "fountainTile": -35,
    "highwayintersectionTile": -54,
    "highwayxTile": -53,
    "highwayzTile": -42,
    "lava": -13,
    "lavaShore": -14,
    "netherBridge": -15,
    "netherBridgeEndX": -18,
    "netherBridgeEndZ": -19,
    "netherBridgeGate": -20,
    "netherBridgeX": -16,
    "netherBridgeZ": -17,
    "netherFortStairs": -24,
    "netherHall": -23,
    "netherThrone": -25,
    "netherTower": -21,
    "netherWall": -22,
    "npcVillageButchersShop": -11,
    "npcVillageChurch": -12,
    "npcVillageFarmlandLarge": -5,
    "npcVillageFarmlandSmall": -6,
    "npcVillageHut": -9,
    "npcVillageLHouse": -4,
    "npcVillageLibrary": -2,
    "npcVillageSmallHouse": -10,
    "npcVillageSmithy": -3,
    "npcVillageTorch": -8,
    "npcVillageWell": -7,
    "parkTile": -37,
    "ravine": -29,
    "ruinfloor1Tile": -38,
    "ruinfloor2Tile": -51,
    "ruinfloor3Tile": -50,
    "ruinfloor4Tile": -44,
    "ruintallTile": -33,
    "streetTile": -32,
    "trainrampleftTile": -47,
    "trainramprightTile": -49,
    "trainstationopenTile": -52,
    "trainstationroofedTile": -48
  }
}