[
  {
    "content": "iceandfire:silver_nugget",
    "unitWorth": 5,
    "weight": 80,
	"amount": {
      "min": 1,
      "max": 16
    }
  },
  {
    "content": "minecraft:gold_nugget",
    "unitWorth": 10,
    "weight": 100,
	"amount": {
      "min": 1,
      "max": 64
    }
  },
  {
    "content": "minecraft:emerald",
    "unitWorth": 1,
    "weight": 90,
	"amount": {
      "min": 1,
      "max": 32
    }
  },
  {
    "content": "minecraft:iron_sword",
    "unitWorth": 750,
    "weight": 5,
    "nbt_data": "{display:{Lore:[\"Sharper than Usual.\"],LocLore:[\"reward.bountiful.sharper.lore\"]},ench:[{id:16,lvl:1}]}",
    "amount": {
      "min": 1,
      "max": 1
    }
  },
  {
    "content": "minecraft:leather_helmet",
    "unitWorth": 100,
    "weight": 10,
    "amount": {
      "min": 1,
      "max": 1
    }
  },
  {
    "content": "minecraft:leather_chestplate",
    "unitWorth": 100,
    "weight": 10,
    "amount": {
      "min": 1,
      "max": 1
    }
  },
  {
    "content": "minecraft:leather_leggings",
    "unitWorth": 100,
    "weight": 10,
    "amount": {
      "min": 1,
      "max": 1
    }
  },
  {
    "content": "minecraft:leather_boots",
    "unitWorth": 100,
    "weight": 10,
    "amount": {
      "min": 1,
      "max": 1
    }
  },
  {
    "content": "minecraft:iron_chestplate",
    "unitWorth": 300,
    "weight": 5,
    "amount": {
      "min": 1,
      "max": 1
    }
  },
  {
    "content": "minecraft:golden_chestplate",
    "unitWorth": 200,
    "weight": 5,
    "amount": {
      "min": 1,
      "max": 1
    }
  },
  {
    "content": "minecraft:experience_bottle",
    "amount": {
      "min": 1,
      "max": 16
    },
    "unitWorth": 20,
    "weight": 50
  },
  {
    "content": "minecraft:torch",
    "amount": {
      "min": 16,
      "max": 64
    },
    "unitWorth": 2,
    "weight": 60
  },
  {
    "content": "minecraft:tipped_arrow",
    "amount": {
      "min": 8,
      "max": 32
    },
    "unitWorth": 25,
    "weight": 5,
	"nbt_data": "{Potion: \"mujmajnkraftsbettersurvival:decay\"}"
  },
  {
    "content": "minecraft:tipped_arrow",
    "amount": {
      "min": 8,
      "max": 32
    },
    "unitWorth": 25,
    "weight": 5,
	"nbt_data": "{Potion: \"minecraft:weakness\"}"
  },
  {
    "content": "minecraft:tipped_arrow",
    "amount": {
      "min": 8,
      "max": 32
    },
    "unitWorth": 25,
    "weight": 5,
	"nbt_data": "{Potion: \"minecraft:harming\"}"
  },
  {
    "content": "minecraft:tipped_arrow",
    "amount": {
      "min": 8,
      "max": 32
    },
    "unitWorth": 25,
    "weight": 5,
	"nbt_data": "{Potion: \"minecraft:strong_poison\"}"
  },
  {
    "content": "minecraft:tipped_arrow",
    "amount": {
      "min": 8,
      "max": 32
    },
    "unitWorth": 25,
    "weight": 5,
	"nbt_data": "{Potion: \"potioncore:vulnerable\"}"
  },
  {
    "content": "fishingmadebetter:fishing_rod_wood",
    "unitWorth": 250,
    "weight": 30,
    "amount": {
      "min": 1,
      "max": 1
    }
  },
  {
    "content": "fishingmadebetter:fishing_rod_iron",
    "unitWorth": 250,
    "weight": 20,
    "amount": {
      "min": 1,
      "max": 1
    }
  },
  {
    "content": "fishingmadebetter:fishing_rod_diamond",
    "unitWorth": 250,
    "weight": 10,
    "amount": {
      "min": 1,
      "max": 1
    }
  },
  {
    "content": "armorunder:cooling_goo",
    "unitWorth": 50,
    "weight": 5,
    "amount": {
      "min": 1,
      "max": 8
    }
  },
  {
    "content": "armorunder:heating_goo",
    "unitWorth": 50,
    "weight": 5,
    "amount": {
      "min": 1,
      "max": 8
    }
  },
  {
    "content": "comforts:sleeping_bag",
    "unitWorth": 100,
    "weight": 5,
    "amount": {
      "min": 1,
      "max": 1
    }
  },
  {
    "content": "dynamictrees:dirtbucket",
    "unitWorth": 1,
    "weight": 1,
    "amount": {
      "min": 1,
      "max": 1
    }
  },
  {
    "content": "rlmixins:cleansing_talisman",
    "unitWorth": 750,
    "weight": 50,
    "amount": {
      "min": 1,
      "max": 1
    }
  },
  {
    "content": "bountifulbaubles:modifierbook",
    "unitWorth": 900,
    "weight": 10,
	"nbt_data": "{baubleModifier:\"half_hearted\"}",
    "amount": {
      "min": 1,
      "max": 1
    }
  },
  {
    "content": "bountifulbaubles:modifierbook",
    "unitWorth": 900,
    "weight": 10,
	"nbt_data": "{baubleModifier:\"hearty\"}",
    "amount": {
      "min": 1,
      "max": 1
    }
  },
  {
    "content": "bountifulbaubles:modifierbook",
    "unitWorth": 900,
    "weight": 10,
	"nbt_data": "{baubleModifier:\"hard\"}",
    "amount": {
      "min": 1,
      "max": 1
    }
  },
  {
    "content": "bountifulbaubles:modifierbook",
    "unitWorth": 900,
    "weight": 10,
	"nbt_data": "{baubleModifier:\"guarding\"}",
    "amount": {
      "min": 1,
      "max": 1
    }
  },
  {
    "content": "bountifulbaubles:modifierbook",
    "unitWorth": 900,
    "weight": 10,
	"nbt_data": "{baubleModifier:\"armored\"}",
    "amount": {
      "min": 1,
      "max": 1
    }
  },
  {
    "content": "bountifulbaubles:modifierbook",
    "unitWorth": 900,
    "weight": 10,
	"nbt_data": "{baubleModifier:\"warding\"}",
    "amount": {
      "min": 1,
      "max": 1
    }
  },
  {
    "content": "bountifulbaubles:modifierbook",
    "unitWorth": 900,
    "weight": 10,
	"nbt_data": "{baubleModifier:\"jagged\"}",
    "amount": {
      "min": 1,
      "max": 1
    }
  },
  {
    "content": "bountifulbaubles:modifierbook",
    "unitWorth": 900,
    "weight": 10,
	"nbt_data": "{baubleModifier:\"spiked\"}",
    "amount": {
      "min": 1,
      "max": 1
    }
  },
  {
    "content": "bountifulbaubles:modifierbook",
    "unitWorth": 900,
    "weight": 10,
	"nbt_data": "{baubleModifier:\"angry\"}",
    "amount": {
      "min": 1,
      "max": 1
    }
  },
  {
    "content": "bountifulbaubles:modifierbook",
    "unitWorth": 900,
    "weight": 10,
	"nbt_data": "{baubleModifier:\"menacing\"}",
    "amount": {
      "min": 1,
      "max": 1
    }
  },
  {
    "content": "bountifulbaubles:modifierbook",
    "unitWorth": 900,
    "weight": 10,
	"nbt_data": "{baubleModifier:\"brisk\"}",
    "amount": {
      "min": 1,
      "max": 1
    }
  },
  {
    "content": "bountifulbaubles:modifierbook",
    "unitWorth": 900,
    "weight": 10,
	"nbt_data": "{baubleModifier:\"fleeting\"}",
    "amount": {
      "min": 1,
      "max": 1
    }
  },
  {
    "content": "bountifulbaubles:modifierbook",
    "unitWorth": 900,
    "weight": 10,
	"nbt_data": "{baubleModifier:\"hasty\"}",
    "amount": {
      "min": 1,
      "max": 1
    }
  },
  {
    "content": "bountifulbaubles:modifierbook",
    "unitWorth": 900,
    "weight": 10,
	"nbt_data": "{baubleModifier:\"quick\"}",
    "amount": {
      "min": 1,
      "max": 1
    }
  },
  {
    "content": "bountifulbaubles:modifierbook",
    "unitWorth": 900,
    "weight": 10,
	"nbt_data": "{baubleModifier:\"wild\"}",
    "amount": {
      "min": 1,
      "max": 1
    }
  },
  {
    "content": "bountifulbaubles:modifierbook",
    "unitWorth": 900,
    "weight": 10,
	"nbt_data": "{baubleModifier:\"rash\"}",
    "amount": {
      "min": 1,
      "max": 1
    }
  },
  {
    "content": "bountifulbaubles:modifierbook",
    "unitWorth": 900,
    "weight": 10,
	"nbt_data": "{baubleModifier:\"intrepid\"}",
    "amount": {
      "min": 1,
      "max": 1
    }
  },
  {
    "content": "bountifulbaubles:modifierbook",
    "unitWorth": 900,
    "weight": 10,
	"nbt_data": "{baubleModifier:\"violent\"}",
    "amount": {
      "min": 1,
      "max": 1
    }
  },
  {
    "content": "firstaid:bandage",
    "unitWorth": 25,
    "weight": 30,
    "amount": {
      "min": 1,
      "max": 16
    }
  },
  {
    "content": "firstaid:plaster",
    "unitWorth": 25,
    "weight": 30,
    "amount": {
      "min": 1,
      "max": 16
    }
  },
  {
    "content": "firstaid:morphine",
    "unitWorth": 25,
    "weight": 5,
    "amount": {
      "min": 1,
      "max": 5
    }
  },
  {
    "content": "scalinghealth:healingitem",
    "unitWorth": 25,
    "weight": 30,
    "amount": {
      "min": 1,
      "max": 4
    }
  },
  {
    "content": "scalinghealth:healingitem:1",
    "unitWorth": 50,
    "weight": 30,
    "amount": {
      "min": 1,
      "max": 4
    }
  },
  {
    "content": "xat:glowing_powder",
    "unitWorth": 200,
    "weight": 5,
    "amount": {
      "min": 1,
      "max": 3
    }
  },
  {
    "content": "scalinghealth:heartdust",
    "unitWorth": 100,
    "weight": 5,
    "amount": {
      "min": 1,
      "max": 3
    }
  },
  {
    "content": "switchbow:switchbow",
    "unitWorth": 1000,
    "weight": 10,
    "amount": {
      "min": 1,
      "max": 1
    }
  },
  {
    "content": "switchbow:switchcrossbow",
    "unitWorth": 1000,
    "weight": 10,
    "amount": {
      "min": 1,
      "max": 1
    }
  },
  {
    "content": "switchbow:quiver",
    "unitWorth": 1000,
    "weight": 10,
    "amount": {
      "min": 1,
      "max": 1
	}
  },
  {
    "content": "minecraft:bow",
    "unitWorth": 1500,
    "weight": 10,
    "nbt_data": "{ench:[{id:48,lvl:2}]}",
    "amount": {
      "min": 1,
      "max": 1
	}
  },
  {
    "content": "trumpetskeleton:trumpet",
    "amount": {
      "min": 1,
      "max": 1
    },
    "unitWorth": 3000,
    "weight": 5,
	"nbt_data": "{ench:[{lvl:10,id:34}],display:{Name:\"The Eternal Dooter\",LocName:\"reward.bountiful.eternaldooter.name\"}}"
  },
  {
    "content": "corpsecomplex:scroll",
    "unitWorth": 100,
    "weight": 10,
    "amount": {
      "min": 1,
      "max": 3
	}
  },
  {
    "content": "lycanitesmobs:cooked_bobeko_meat",
    "amount": {
      "min": 1,
      "max": 8
    },
    "unitWorth": 100,
    "weight": 25
  },
  {
    "content": "lycanitesmobs:cooked_joust_meat",
    "amount": {
      "min": 1,
      "max": 8
    },
    "unitWorth": 100,
    "weight": 25
  },
  {
    "content": "lycanitesmobs:cooked_krake_meat",
    "amount": {
      "min": 1,
      "max": 8
    },
    "unitWorth": 100,
    "weight": 25
  },
  {
    "content": "lycanitesmobs:cooked_yale_meat",
    "amount": {
      "min": 1,
      "max": 8
    },
    "unitWorth": 100,
    "weight": 25
  },
  {
    "content": "lycanitesmobs:cooked_pinky_meat",
    "amount": {
      "min": 1,
      "max": 8
    },
    "unitWorth": 100,
    "weight": 25
  },
  {
    "content": "lycanitesmobs:cooked_aspid_meat",
    "amount": {
      "min": 1,
      "max": 8
    },
    "unitWorth": 100,
    "weight": 25
  },
  {
    "content": "lycanitesmobs:cooked_concapede_meat",
    "amount": {
      "min": 1,
      "max": 8
    },
    "unitWorth": 100,
    "weight": 25
  },
  {
    "content": "lycanitesmobs:cooked_ika_meat",
    "amount": {
      "min": 1,
      "max": 8
    },
    "unitWorth": 100,
    "weight": 25
  },
  {
    "content": "lycanitesmobs:cooked_arisaur_meat",
    "amount": {
      "min": 1,
      "max": 8
    },
    "unitWorth": 100,
    "weight": 25
  },
  {
    "content": "lycanitesmobs:cooked_silex_meat",
    "amount": {
      "min": 1,
      "max": 8
    },
    "unitWorth": 100,
    "weight": 25
  },
  {
    "content": "lycanitesmobs:cooked_maka_meat",
    "amount": {
      "min": 1,
      "max": 8
    },
    "unitWorth": 100,
    "weight": 25
  },
  {
    "content": "lycanitesmobs:cooked_chupacabra_meat",
    "amount": {
      "min": 1,
      "max": 8
    },
    "unitWorth": 100,
    "weight": 25
  },
  {
    "content": "xat:mana_candy",
    "amount": {
      "min": 8,
      "max": 32
    },
    "unitWorth": 100,
    "weight": 20
  },
  {
    "content": "switchbow:arrowlightningbolt",
    "amount": {
      "min": 8,
      "max": 32
    },
    "unitWorth": 25,
    "weight": 20
  },
  {
    "content": "spartanweaponry:arrow_explosive",
    "amount": {
      "min": 8,
      "max": 32
    },
    "unitWorth": 25,
    "weight": 20
  },
  {
    "content": "switchbow:arrowfrost",
    "amount": {
      "min": 8,
      "max": 32
    },
    "unitWorth": 25,
    "weight": 20
  },
  {
    "content": "switchbow:arrowair",
    "amount": {
      "min": 8,
      "max": 32
    },
    "unitWorth": 25,
    "weight": 20
  },
  {
    "content": "switchbow:arrowenderperle",
    "amount": {
      "min": 8,
      "max": 32
    },
    "unitWorth": 25,
    "weight": 20
  },
  {
    "content": "switchbow:arrowvampier",
    "amount": {
      "min": 8,
      "max": 32
    },
    "unitWorth": 25,
    "weight": 20
  },
  {
    "content": "switchbow:arrowwither",
    "amount": {
      "min": 8,
      "max": 32
    },
    "unitWorth": 25,
    "weight": 20
  },
  {
    "content": "switchbow:arrowtorch",
    "amount": {
      "min": 8,
      "max": 32
    },
    "unitWorth": 25,
    "weight": 20
  },
  {
    "content": "switchbow:arrowsplit",
    "amount": {
      "min": 8,
      "max": 32
    },
    "unitWorth": 25,
    "weight": 20
  },
  {
    "content": "switchbow:arrowunderwater",
    "amount": {
      "min": 8,
      "max": 32
    },
    "unitWorth": 25,
    "weight": 20
  },
  {
    "content": "spartanweaponry:arrow_diamond",
    "amount": {
      "min": 8,
      "max": 32
    },
    "unitWorth": 50,
    "weight": 30
  },
  {
    "content": "spartanweaponry:arrow_iron",
    "amount": {
      "min": 8,
      "max": 32
    },
    "unitWorth": 25,
    "weight": 20
  },
  {
    "content": "spartanweaponry:arrow_wood",
    "amount": {
      "min": 8,
      "max": 64
    },
    "unitWorth": 5,
    "weight": 10
  },
  {
    "content": "switchbow:arrowfire",
    "amount": {
      "min": 8,
      "max": 32
    },
    "unitWorth": 25,
    "weight": 10
  },
  {
    "content": "switchbow:arrowbone",
    "amount": {
      "min": 8,
      "max": 32
    },
    "unitWorth": 25,
    "weight": 10
  },
  {
    "content": "switchbow:arrowfirework",
    "amount": {
      "min": 8,
      "max": 32
    },
    "unitWorth": 25,
    "weight": 10
  },
  {
    "content": "switchbow:arrowredstone",
    "amount": {
      "min": 8,
      "max": 32
    },
    "unitWorth": 25,
    "weight": 10
  },
  {
    "content": "switchbow:arrowburial",
    "amount": {
      "min": 8,
      "max": 32
    },
    "unitWorth": 25,
    "weight": 10
  },
  {
    "content": "switchbow:arrowsprinkler",
    "amount": {
      "min": 8,
      "max": 32
    },
    "unitWorth": 25,
    "weight": 10
  },
  {
    "content": "switchbow:arrowtriple",
    "amount": {
      "min": 8,
      "max": 32
    },
    "unitWorth": 25,
    "weight": 10
  },
  {
    "content": "switchbow:arrowprotector",
    "amount": {
      "min": 8,
      "max": 32
    },
    "unitWorth": 25,
    "weight": 10
  },
  {
    "content": "switchbow:arrowknockback",
    "amount": {
      "min": 8,
      "max": 32
    },
    "unitWorth": 25,
    "weight": 10
  },
  {
    "content": "switchbow:arrowbouncy",
    "amount": {
      "min": 8,
      "max": 32
    },
    "unitWorth": 25,
    "weight": 10
  },
  {
    "content": "switchbow:arrowofthesearcher",
    "amount": {
      "min": 8,
      "max": 32
    },
    "unitWorth": 25,
    "weight": 10
  },
  {
    "content": "switchbow:arrowpiercing",
    "amount": {
      "min": 8,
      "max": 32
    },
    "unitWorth": 25,
    "weight": 10
  },
  {
    "content": "spartanweaponry:bolt",
    "amount": {
      "min": 8,
      "max": 32
    },
    "unitWorth": 25,
    "weight": 20
  },
  {
    "content": "spartanweaponry:bolt_diamond",
    "amount": {
      "min": 8,
      "max": 32
    },
    "unitWorth": 50,
    "weight": 30
  },
  {
    "content": "armorunder:auto_chestplate_liner",
    "amount": {
      "min": 1,
      "max": 1
    },
    "unitWorth": 1000,
    "weight": 20
  },
  {
    "content": "armorunder:auto_leggings_liner",
    "amount": {
      "min": 1,
      "max": 1
    },
    "unitWorth": 1000,
    "weight": 20
  },
  {
    "content": "waystones:warp_scroll",
    "amount": {
      "min": 1,
      "max": 3
    },
    "unitWorth": 100,
    "weight": 30
  },
  {
    "content": "waystones:return_scroll",
    "amount": {
      "min": 1,
      "max": 3
    },
    "unitWorth": 50,
    "weight": 30
  },
  {
    "content": "quark:ancient_tome",
    "amount": {
      "min": 1,
      "max": 1
    },
    "unitWorth": 1000,
    "weight": 10,
    "nbt_data": "{ench:[{id:7,lvl:3}]}"
  },
  {
    "content": "quark:ancient_tome",
    "amount": {
      "min": 1,
      "max": 1
    },
    "unitWorth": 1000,
    "weight": 10,
    "nbt_data": "{ench:[{id:2,lvl:4}]}"
  },
  {
    "content": "quark:ancient_tome",
    "amount": {
      "min": 1,
      "max": 1
    },
    "unitWorth": 1000,
    "weight": 10,
    "nbt_data": "{ench:[{id:16,lvl:5}]}"
  },
  {
    "content": "quark:ancient_tome",
    "amount": {
      "min": 1,
      "max": 1
    },
    "unitWorth": 1000,
    "weight": 10,
    "nbt_data": "{ench:[{id:17,lvl:5}]}"
  },
  {
    "content": "quark:ancient_tome",
    "amount": {
      "min": 1,
      "max": 1
    },
    "unitWorth": 1000,
    "weight": 10,
    "nbt_data": "{ench:[{id:18,lvl:5}]}"
  },
  {
    "content": "quark:ancient_tome",
    "amount": {
      "min": 1,
      "max": 1
    },
    "unitWorth": 1000,
    "weight": 10,
    "nbt_data": "{ench:[{id:19,lvl:2}]}"
  },
  {
    "content": "quark:ancient_tome",
    "amount": {
      "min": 1,
      "max": 1
    },
    "unitWorth": 1000,
    "weight": 10,
    "nbt_data": "{ench:[{id:20,lvl:2}]}"
  },
  {
    "content": "quark:ancient_tome",
    "amount": {
      "min": 1,
      "max": 1
    },
    "unitWorth": 1000,
    "weight": 10,
    "nbt_data": "{ench:[{id:21,lvl:3}]}"
  },
  {
    "content": "quark:ancient_tome",
    "amount": {
      "min": 1,
      "max": 1
    },
    "unitWorth": 1000,
    "weight": 10,
    "nbt_data": "{ench:[{id:22,lvl:3}]}"
  },
  {
    "content": "quark:ancient_tome",
    "amount": {
      "min": 1,
      "max": 1
    },
    "unitWorth": 1000,
    "weight": 10,
    "nbt_data": "{ench:[{id:32,lvl:5}]}"
  },
  {
    "content": "quark:ancient_tome",
    "amount": {
      "min": 1,
      "max": 1
    },
    "unitWorth": 1000,
    "weight": 10,
    "nbt_data": "{ench:[{id:34,lvl:3}]}"
  },
  {
    "content": "quark:ancient_tome",
    "amount": {
      "min": 1,
      "max": 1
    },
    "unitWorth": 1000,
    "weight": 10,
    "nbt_data": "{ench:[{id:35,lvl:3}]}"
  },
  {
    "content": "quark:ancient_tome",
    "amount": {
      "min": 1,
      "max": 1
    },
    "unitWorth": 1000,
    "weight": 10,
    "nbt_data": "{ench:[{id:48,lvl:5}]}"
  },
  {
    "content": "quark:ancient_tome",
    "amount": {
      "min": 1,
      "max": 1
    },
    "unitWorth": 1000,
    "weight": 10,
    "nbt_data": "{ench:[{id:49,lvl:2}]}"
  },
  {
    "content": "quark:ancient_tome",
    "amount": {
      "min": 1,
      "max": 1
    },
    "unitWorth": 1000,
    "weight": 10,
    "nbt_data": "{ench:[{id:61,lvl:3}]}"
  },
  {
    "content": "quark:ancient_tome",
    "amount": {
      "min": 1,
      "max": 1
    },
    "unitWorth": 1000,
    "weight": 10,
    "nbt_data": "{ench:[{id:62,lvl:3}]}"
  },
  {
    "content": "sereneseasons:greenhouse_glass",
    "amount": {
      "min": 8,
      "max": 16
    },
    "unitWorth": 10,
    "weight": 50
  },
  {
    "content": "lycanitesmobs:planttreat",
    "amount": {
      "min": 4,
      "max": 16
    },
    "unitWorth": 50,
    "weight": 10
  },
  {
    "content": "lycanitesmobs:dragontreat",
    "amount": {
      "min": 4,
      "max": 16
    },
    "unitWorth": 50,
    "weight": 10
  },
  {
    "content": "lycanitesmobs:demontreat",
    "amount": {
      "min": 4,
      "max": 16
    },
    "unitWorth": 50,
    "weight": 10
  },
  {
    "content": "lycanitesmobs:imptreat",
    "amount": {
      "min": 4,
      "max": 16
    },
    "unitWorth": 50,
    "weight": 10
  },
  {
    "content": "lycanitesmobs:aberrationtreat",
    "amount": {
      "min": 4,
      "max": 16
    },
    "unitWorth": 50,
    "weight": 10
  },
  {
    "content": "lycanitesmobs:aviantreat",
    "amount": {
      "min": 4,
      "max": 16
    },
    "unitWorth": 50,
    "weight": 10
  },
  {
    "content": "lycanitesmobs:amphibiantreat",
    "amount": {
      "min": 4,
      "max": 16
    },
    "unitWorth": 50,
    "weight": 10
  },
  {
    "content": "lycanitesmobs:anthroniantreat",
    "amount": {
      "min": 4,
      "max": 16
    },
    "unitWorth": 50,
    "weight": 10
  },
  {
    "content": "lycanitesmobs:undeadtreat",
    "amount": {
      "min": 4,
      "max": 16
    },
    "unitWorth": 50,
    "weight": 10
  },
  {
    "content": "lycanitesmobs:wormtreat",
    "amount": {
      "min": 4,
      "max": 16
    },
    "unitWorth": 50,
    "weight": 10
  },
  {
    "content": "lycanitesmobs:beasttreat",
    "amount": {
      "min": 4,
      "max": 16
    },
    "unitWorth": 50,
    "weight": 10
  },
  {
    "content": "lycanitesmobs:insecttreat",
    "amount": {
      "min": 4,
      "max": 16
    },
    "unitWorth": 50,
    "weight": 10
  },
  {
    "content": "lycanitesmobs:aquatictreat",
    "amount": {
      "min": 4,
      "max": 16
    },
    "unitWorth": 50,
    "weight": 10
  },
  {
    "content": "lycanitesmobs:reptiletreat",
    "amount": {
      "min": 4,
      "max": 16
    },
    "unitWorth": 50,
    "weight": 10
  },
  {
    "content": "aquaculture:loot:7",
    "amount": {
      "min": 1,
      "max": 4
    },
    "unitWorth": 100,
    "weight": 10
  },
  {
    "content": "roughtweaks:medikit",
    "amount": {
      "min": 1,
      "max": 1
    },
    "unitWorth": 1000,
    "weight": 10
  },
  {
    "content": "roughtweaks:medikitenchanted",
    "amount": {
      "min": 1,
      "max": 1
    },
    "unitWorth": 2000,
    "weight": 10
  },
  {
    "content": "classyhats:hat",
    "unitWorth": 1500,
    "weight": 10,
	"nbt_data": "{hat:\"acornhat\"}",
    "amount": {
      "min": 1,
      "max": 1
	}
  },
  {
    "content": "classyhats:hat",
    "unitWorth": 1500,
    "weight": 10,
	"nbt_data": "{hat:\"beehat\"}",
    "amount": {
      "min": 1,
      "max": 1
	}
  },
  {
    "content": "classyhats:hat",
    "unitWorth": 1500,
    "weight": 10,
	"nbt_data": "{hat:\"bigeyes\"}",
    "amount": {
      "min": 1,
      "max": 1
	}
  },
  {
    "content": "classyhats:hat",
    "unitWorth": 1500,
    "weight": 10,
	"nbt_data": "{hat:\"burgerhat\"}",
    "amount": {
      "min": 1,
      "max": 1
	}
  },
  {
    "content": "classyhats:hat",
    "unitWorth": 1500,
    "weight": 10,
	"nbt_data": "{hat:\"chefshat\"}",
    "amount": {
      "min": 1,
      "max": 1
	}
  },
  {
    "content": "classyhats:hat",
    "unitWorth": 1500,
    "weight": 10,
	"nbt_data": "{hat:\"cyclopseye\"}",
    "amount": {
      "min": 1,
      "max": 1
	}
  },
  {
    "content": "classyhats:hat",
    "unitWorth": 1500,
    "weight": 10,
	"nbt_data": "{hat:\"fakeblight\"}",
    "amount": {
      "min": 1,
      "max": 1
	}
  },
  {
    "content": "classyhats:hat",
    "unitWorth": 1500,
    "weight": 10,
	"nbt_data": "{hat:\"fakefire\"}",
    "amount": {
      "min": 1,
      "max": 1
	}
  },
  {
    "content": "classyhats:hat",
    "unitWorth": 1500,
    "weight": 10,
	"nbt_data": "{hat:\"flies\"}",
    "amount": {
      "min": 1,
      "max": 1
	}
  },
  {
    "content": "classyhats:hat",
    "unitWorth": 1500,
    "weight": 10,
	"nbt_data": "{hat:\"floatinghearts\"}",
    "amount": {
      "min": 1,
      "max": 1
	}
  },
  {
    "content": "classyhats:hat",
    "unitWorth": 1500,
    "weight": 10,
	"nbt_data": "{hat:\"headshot\"}",
    "amount": {
      "min": 1,
      "max": 1
	}
  },
  {
    "content": "classyhats:hat",
    "unitWorth": 1500,
    "weight": 10,
	"nbt_data": "{hat:\"jesterhat\"}",
    "amount": {
      "min": 1,
      "max": 1
	}
  },
  {
    "content": "classyhats:hat",
    "unitWorth": 1500,
    "weight": 10,
	"nbt_data": "{hat:\"mohawk\"}",
    "amount": {
      "min": 1,
      "max": 1
	}
  },
  {
    "content": "classyhats:hat",
    "unitWorth": 1500,
    "weight": 10,
	"nbt_data": "{hat:\"rabbitears\"}",
    "amount": {
      "min": 1,
      "max": 1
	}
  },
  {
    "content": "classyhats:hat",
    "unitWorth": 1500,
    "weight": 10,
	"nbt_data": "{hat:\"redeyes\"}",
    "amount": {
      "min": 1,
      "max": 1
	}
  },
  {
    "content": "classyhats:hat",
    "unitWorth": 1500,
    "weight": 10,
	"nbt_data": "{hat:\"rubbernipple\"}",
    "amount": {
      "min": 1,
      "max": 1
	}
  },
  {
    "content": "classyhats:hat",
    "unitWorth": 1500,
    "weight": 10,
	"nbt_data": "{hat:\"triangleshades\"}",
    "amount": {
      "min": 1,
      "max": 1
	}
  }
]