{
  "name": "abtu",
  "creatureType": "aquatic",
  "groups": [
    "predator"
  ],
  "entityClass": "com.lycanitesmobs.core.entity.creature.EntityAbtu",
  "modelClass": "com.lycanitesmobs.client.model.creature.ModelAbtu",
  "loadDefault": false,
  "enabled": true,
  "spawning": {
    "enabled": true,
    "spawners": [
      "water"
    ],
    "disableSubspecies": false,
    "dimensionIds": [
      -1,
      1
    ],
    "dimensionListType": "blacklist",
    "ignoreBiome": false,
    "biomeTags": [
      "ocean",
      "beach"
    ],
    "spawnWeight": 8,
    "dungeonWeight": 0,
    "spawnAreaLimit": 5,
    "spawnGroupMin": 1,
    "spawnGroupMax": 3,
    "spawnsInLight": false,
    "spawnsInDark": true,
    "worldDayMin": -1,
    "despawnNatural": true,
    "despawnForced": false
  },
  "width": 1.8,
  "height": 1.8,
  "experience": 5,
  "health": 5,
  "defense": 0,
  "armor": 0,
  "speed": 24,
  "damage": 1,
  "attackSpeed": 2,
  "rangedSpeed": 1,
  "effectDuration": 5,
  "effectAmplifier": -1,
  "pierce": 1,
  "sight": 32,
  "knockbackResistance": 0,
  "bagSize": 5,
  "eggBackColor": "#FFBB00",
  "eggForeColor": "#44AAFF",
  "subspecies": [
    {
      "index": 0,
      "variants": [
        {
          "index": 1,
          "name": "azure",
          "type": "uncommon"
        },
        {
          "index": 2,
          "name": "scarlet",
          "type": "uncommon"
        }
      ]
    }
  ],
  "element": "water",
  "diets": [
    "carnivore",
    "piscivore"
  ],
  "peaceful": false,
  "summonable": false,
  "tameable": false,
  "mountable": false,
  "summonCost": 2,
  "dungeonLevel": 2,
  "drops": [
    {
      "item": "minecraft:fish",
      "metadata": 1,
      "burningItem": "minecraft:cooked_fish",
      "burningMetadata": 1,
      "minAmount": 1,
      "maxAmount": 3,
      "chance": 1
    }
  ],
  "sizeScale": 1,
  "hitboxScale": 1,
  "flags": [
    {
      "name": "swarmLimit",
      "value": 5
    }
  ]
}