{
  "name": "archvile",
  "creatureType": "demon",
  "groups": [
    "monster"
  ],
  "entityClass": "com.lycanitesmobs.core.entity.creature.EntityArchvile",
  "modelClass": "com.lycanitesmobs.client.model.creature.ModelArchvile",
  "loadDefault": false,
  "enabled": true,
  "spawning": {
    "enabled": true,
    "spawners": [
      "monster",
      "beast",
      "portal",
      "nether"
    ],
    "disableSubspecies": false,
    "dimensionIds": [
      -1
    ],
    "dimensionListType": "whitelist",
    "ignoreBiome": true,
    "biomeTags": [
      "nether"
    ],
    "spawnWeight": 1,
    "dungeonWeight": 200,
    "spawnAreaLimit": 5,
    "spawnGroupMin": 1,
    "spawnGroupMax": 3,
    "spawnsInLight": true,
    "spawnsInDark": true,
    "worldDayMin": -1,
    "despawnNatural": true,
    "despawnForced": false
  },
  "width": 1.0,
  "height": 3.5,
  "experience": 10,
  "health": 40,
  "defense": 2,
  "armor": 4,
  "speed": 32,
  "damage": 1,
  "attackSpeed": 1,
  "rangedSpeed": 0.75,
  "effectDuration": 5,
  "effectAmplifier": 0,
  "pierce": 1,
  "sight": 24,
  "knockbackResistance": 0.25,
  "eggBackColor": "#473816",
  "eggForeColor": "#A3964B",
  "subspecies": [
    {
      "index": 0,
      "variants": [
        {
          "index": 1,
          "name": "ashen",
          "type": "uncommon"
        },
        {
          "index": 2,
          "name": "scarlet",
          "type": "uncommon"
        },
        {
          "index": 3,
          "name": "royal",
          "type": "rare",
          "scale": 2
        }
      ]
    }
  ],
  "elements": [
    "fire",
    "nether"
  ],
  "diets": [
    "carnivore",
    "piscivore",
    "insectivore"
  ],
  "peaceful": false,
  "summonable": true,
  "tameable": false,
  "mountable": false,
  "summonCost": 5,
  "dungeonLevel": 2,
  "drops": [
    {
      "item": "minecraft:skull",
      "metadata": 1,
      "minAmount": 1,
      "maxAmount": 1,
      "chance": 0.25
    },
    {
      "item": "minecraft:bone",
      "minAmount": 1,
      "maxAmount": 3,
      "chance": 1
    },
    {
      "item": "lycanitesmobs:doomfireballcharge",
      "minAmount": 5,
      "maxAmount": 10,
      "chance": 1
    },
    {
      "item": "lycanitesmobs:soulstone_demon",
	  "amountMultiplier": false,
	  "bonusAmount": false,
      "minAmount": 1,
      "maxAmount": 1,
      "chance": 1,
      "variant": 3
    }
  ],
  "sizeScale": 1,
  "hitboxScale": 1
}