{
  "name": "erepede",
  "creatureType": "insect",
  "groups": [
    "predator"
  ],
  "entityClass": "com.lycanitesmobs.core.entity.creature.EntityErepede",
  "modelClass": "com.lycanitesmobs.client.model.creature.ModelErepede",
  "loadDefault": false,
  "enabled": true,
  "spawning": {
    "enabled": true,
    "spawners": [
      "monster",
      "beast"
    ],
    "disableSubspecies": false,
    "dimensionIds": [
      -1,
      1
    ],
    "dimensionListType": "blacklist",
    "ignoreBiome": false,
    "biomeTags": [
      "sandy",
      "wasteland",
      "mesa",
      "-cold",
      "-snowy"
    ],
    "spawnWeight": 4,
    "dungeonWeight": 200,
    "spawnAreaLimit": 5,
    "spawnGroupMin": 1,
    "spawnGroupMax": 2,
    "spawnsInLight": false,
    "spawnsInDark": true,
    "worldDayMin": -1,
    "despawnNatural": true,
    "despawnForced": false
  },
  "width": 0.8,
  "height": 1.5,
  "experience": 10,
  "health": 20,
  "defense": 2,
  "armor": 4,
  "speed": 26,
  "damage": 2,
  "attackSpeed": 1,
  "rangedSpeed": 0.5,
  "effectDuration": 5,
  "effectAmplifier": 0,
  "pierce": 1,
  "sight": 24,
  "knockbackResistance": 0.25,
  "bagSize": 5,
  "tamingReputation": 500,
  "eggBackColor": "#DD9922",
  "eggForeColor": "#FFDDFF",
  "subspecies": [
    {
      "index": 0,
      "variants": [
        {
          "index": 1,
          "name": "golden",
          "type": "uncommon"
        },
        {
          "index": 2,
          "name": "ashen",
          "type": "uncommon"
        }
      ]
    }
  ],
  "element": "arcane",
  "diets": [
    "geovore"
  ],
  "peaceful": false,
  "summonable": false,
  "tameable": true,
  "mountable": true,
  "summonCost": 6,
  "dungeonLevel": 1,
  "drops": [
    {
      "item": "minecraft:flint",
      "minAmount": 1,
      "maxAmount": 2,
      "chance": 1
    },
    {
      "item": "minecraft:iron_ore",
      "minAmount": 1,
      "maxAmount": 2,
      "chance": 0.5
    },
    {
      "item": "minecraft:gold_nugget",
      "minAmount": 1,
      "maxAmount": 2,
      "chance": 0.25
    },
    {
      "item": "lycanitesmobs:mudshotcharge",
      "minAmount": 3,
      "maxAmount": 5,
      "chance": 1
    }
  ],
  "sizeScale": 1,
  "hitboxScale": 1
}