{
  "name": "geist",
  "creatureType": "undead",
  "groups": [
    "raider"
  ],
  "entityClass": "com.lycanitesmobs.core.entity.creature.EntityGeist",
  "modelClass": "com.lycanitesmobs.client.model.creature.ModelGeist",
  "loadDefault": false,
  "enabled": true,
  "spawning": {
    "enabled": true,
    "spawners": [
      "monster",
      "beast"
    ],
    "disableSubspecies": false,
    "dimensionIds": [],
    "dimensionListType": "blacklist",
    "ignoreBiome": false,
    "biomeTags": [
      "spooky",
      "end"
    ],
    "spawnWeight": 10,
    "dungeonWeight": 200,
    "spawnAreaLimit": 5,
    "spawnGroupMin": 1,
    "spawnGroupMax": 3,
    "spawnsInLight": false,
    "spawnsInDark": true,
    "worldDayMin": -1,
    "despawnNatural": true,
    "despawnForced": false
  },
  "width": 0.6,
  "height": 2.4,
  "experience": 10,
  "health": 15,
  "defense": 0,
  "armor": 0,
  "speed": 30,
  "damage": 2,
  "attackSpeed": 1,
  "rangedSpeed": 1,
  "effectDuration": 5,
  "effectAmplifier": 0,
  "pierce": 1,
  "sight": 24,
  "knockbackResistance": 0,
  "bagSize": 5,
  "eggBackColor": "#705449",
  "eggForeColor": "#310e08",
  "subspecies": [
    {
      "index": 0,
      "variants": [
        {
          "index": 1,
          "name": "dark",
          "type": "uncommon"
        },
        {
          "index": 2,
          "name": "verdant",
          "type": "uncommon"
        }
      ]
    }
  ],
  "element": "shadow",
  "peaceful": false,
  "summonable": false,
  "tameable": false,
  "mountable": false,
  "summonCost": 3,
  "dungeonLevel": 1,
  "drops": [
    {
      "item": "minecraft:rotten_flesh",
      "minAmount": 1,
      "maxAmount": 3,
      "chance": 1
    },
    {
      "item": "minecraft:skull",
      "metadata": 1,
      "minAmount": 1,
      "maxAmount": 1,
      "chance": 0.05
    },
    {
      "item": "lycanitesmobs:geistliver",
      "minAmount": 1,
      "maxAmount": 3,
      "chance": 1
    }
  ],
  "sizeScale": 1,
  "hitboxScale": 1,
  "flags": [
    {
      "name": "shadowfireDeath",
      "value": true
    }
  ]
}