{
  "name": "herma",
  "creatureType": "aquatic",
  "groups": [
    "monster"
  ],
  "entityClass": "com.lycanitesmobs.core.entity.creature.EntityHerma",
  "modelClass": "com.lycanitesmobs.client.model.creature.ModelHerma",
  "loadDefault": false,
  "enabled": true,
  "spawning": {
    "enabled": true,
    "spawners": [
      "monster",
      "beast",
      "waterfloor"
    ],
    "disableSubspecies": false,
    "dimensionIds": [
      -1,
      1
    ],
    "dimensionListType": "blacklist",
    "ignoreBiome": false,
    "biomeTags": [
      "ocean",
      "beach"
    ],
    "spawnWeight": 8,
    "dungeonWeight": 200,
    "spawnAreaLimit": 5,
    "spawnGroupMin": 1,
    "spawnGroupMax": 3,
    "spawnsInLight": false,
    "spawnsInDark": true,
    "worldDayMin": -1,
    "despawnNatural": true,
    "despawnForced": false
  },
  "width": 0.9,
  "height": 0.9,
  "experience": 10,
  "health": 30,
  "defense": 2,
  "armor": 8,
  "speed": 22,
  "damage": 1,
  "attackSpeed": 1,
  "rangedSpeed": 1,
  "effectDuration": 5,
  "effectAmplifier": -1,
  "pierce": 1,
  "sight": 24,
  "knockbackResistance": 0,
  "bagSize": 10,
  "tamingReputation": 250,
  "eggBackColor": "#e50403",
  "eggForeColor": "#f1c2a1",
  "subspecies": [
    {
      "index": 0,
      "variants": [
        {
          "index": 1,
          "name": "azure",
          "type": "uncommon"
        },
        {
          "index": 2,
          "name": "russet",
          "type": "uncommon"
        }
      ]
    }
  ],
  "element": "water",
  "diets": [
    "carnivore",
    "piscivore",
    "insectivore",
    "herbivore",
    "frugivore",
    "fungivore"
  ],
  "peaceful": false,
  "summonable": false,
  "tameable": true,
  "mountable": false,
  "perchable": true,
  "summonCost": 4,
  "dungeonLevel": 0,
  "drops": [
    {
      "item": "minecraft:fish",
      "burningItem": "minecraft:cooked_fish",
      "minAmount": 1,
      "maxAmount": 3,
      "chance": 1
    },
    {
      "item": "minecraft:fish",
      "metadata": 1,
      "burningItem": "minecraft:cooked_fish",
      "burningMetadata": 1,
      "minAmount": 1,
      "maxAmount": 3,
      "chance": 0.5
    },
    {
      "item": "minecraft:fish",
      "metadata": 2,
      "minAmount": 1,
      "maxAmount": 2,
      "chance": 0.1
    },
    {
      "item": "minecraft:fish",
      "metadata": 3,
      "minAmount": 1,
      "maxAmount": 2,
      "chance": 0.25
    }
  ],
  "sizeScale": 1,
  "hitboxScale": 1
}