{
  "general": {
    "despawnItem": 6000,
    "customThrow": true,
    "fallSounds": true,
    "enableIgniting": false,
    "swimmingItems": {
      "entries": [
        "{id:\"material\",count:1,material:\"minecraft:planks\"}",
        "{id:\"material\",count:1,material:\"minecraft:bed\"}",
        "{id:\"material\",count:1,material:\"minecraft:sponge\"}",
        "{id:\"material\",count:1,material:\"minecraft:packed_ice\"}",
        "{id:\"material\",count:1,material:\"minecraft:ice\"}",
        "{id:\"material\",count:1,material:\"minecraft:leaves\"}",
        "{id:\"material\",count:1,material:\"minecraft:sapling\"}",
        "{id:\"material\",count:1,material:\"minecraft:carpet\"}",
        "{id:\"material\",count:1,material:\"minecraft:snow_layer\"}",
        "{id:\"material\",count:1,material:\"minecraft:cactus\"}",
        "{id:\"material\",count:1,material:\"minecraft:cake\"}",
        "{id:\"material\",count:1,material:\"minecraft:tallgrass\"}",
        "{id:\"material\",count:1,material:\"minecraft:web\"}",
        "{id:\"block\",count:1,block:\"minecraft:snow\"}",
        "{id:\"name\",count:1,name:\"wooden\"}",
        "{id:\"item\",count:1,item:\"minecraft:apple\"}",
        "{id:\"item\",count:1,item:\"minecraft:bow\"}",
        "{id:\"item\",count:1,item:\"minecraft:bowl\"}",
        "{id:\"item\",count:1,item:\"minecraft:arrow\"}",
        "{id:\"item\",count:1,item:\"minecraft:apple\"}",
        "{id:\"item\",count:1,item:\"minecraft:string\"}",
        "{id:\"item\",count:1,item:\"minecraft:feather\"}",
        "{id:\"item\",count:1,item:\"minecraft:wheat\"}",
        "{id:\"item\",count:1,item:\"minecraft:bread\"}",
        "{id:\"item\",count:1,item:\"minecraft:painting\"}",
        "{id:\"item\",count:1,item:\"minecraft:sign\"}",
        "{id:\"item\",count:1,item:\"minecraft:acacia_boat\"}",
        "{id:\"item\",count:1,item:\"minecraft:acacia_door\"}",
        "{id:\"item\",count:1,item:\"minecraft:dark_oak_boat\"}",
        "{id:\"item\",count:1,item:\"minecraft:dark_oak_door\"}",
        "{id:\"item\",count:1,item:\"minecraft:birch_boat\"}",
        "{id:\"item\",count:1,item:\"minecraft:birch_door\"}",
        "{id:\"item\",count:1,item:\"minecraft:jungle_boat\"}",
        "{id:\"item\",count:1,item:\"minecraft:jungle_door\"}",
        "{id:\"item\",count:1,item:\"minecraft:boat\"}",
        "{id:\"item\",count:1,item:\"minecraft:wooden_door\"}",
        "{id:\"item\",count:1,item:\"minecraft:spruce_boat\"}",
        "{id:\"item\",count:1,item:\"minecraft:spruce_door\"}",
        "{id:\"item\",count:1,item:\"minecraft:saddle\"}",
        "{id:\"item\",count:1,item:\"minecraft:bone\"}",
        "{id:\"item\",count:1,item:\"minecraft:sugar\"}",
        "{id:\"item\",count:1,item:\"minecraft:egg\"}",
        "{id:\"item\",count:1,item:\"minecraft:fishing_rod\"}",
        "{id:\"item\",count:1,item:\"minecraft:dye\"}",
        "{id:\"item\",count:1,item:\"minecraft:cake\"}",
        "{id:\"item\",count:1,item:\"minecraft:bed\"}",
        "{id:\"item\",count:1,item:\"minecraft:melon\"}",
        "{id:\"item\",count:1,item:\"minecraft:shears\"}",
        "{id:\"item\",count:1,item:\"minecraft:carrot\"}",
        "{id:\"item\",count:1,item:\"minecraft:potato\"}",
        "{id:\"item\",count:1,item:\"minecraft:poisonous_potato\"}",
        "{id:\"item\",count:1,item:\"minecraft:baked_potato\"}",
        "{id:\"item\",count:1,item:\"minecraft:pumpkin_pie\"}",
        "{id:\"item\",count:1,item:\"minecraft:elytra\"}",
        "{id:\"item\",count:1,item:\"minecraft:mutton\"}",
        "{id:\"item\",count:1,item:\"minecraft:cooked_mutton\"}",
        "{id:\"item\",count:1,item:\"minecraft:rabbit\"}",
        "{id:\"item\",count:1,item:\"minecraft:cooked_rabbit\"}",
        "{id:\"item\",count:1,item:\"minecraft:rabbit_stew\"}",
        "{id:\"item\",count:1,item:\"minecraft:beetroot\"}",
        "{id:\"item\",count:1,item:\"minecraft:beetroot_seeds\"}",
        "{id:\"item\",count:1,item:\"minecraft:beetroot_soup\"}",
        "{id:\"item\",count:1,item:\"minecraft:shield\"}",
        "{id:\"item\",count:1,item:\"minecraft:wheat_seeds\"}",
        "{id:\"item\",count:1,item:\"minecraft:pumpkin_seeds\"}",
        "{id:\"item\",count:1,item:\"minecraft:melon_seeds\"}",
        "{id:\"item\",count:1,item:\"minecraft:snowball\"}"
      ],
      "isWhitelist": true
    },
    "burningItems": {
      "entries": [
        "{id:\"material\",count:1,material:\"minecraft:planks\"}",
        "{id:\"material\",count:1,material:\"minecraft:bed\"}",
        "{id:\"material\",count:1,material:\"minecraft:sponge\"}",
        "{id:\"material\",count:1,material:\"minecraft:packed_ice\"}",
        "{id:\"material\",count:1,material:\"minecraft:ice\"}",
        "{id:\"material\",count:1,material:\"minecraft:leaves\"}",
        "{id:\"material\",count:1,material:\"minecraft:sapling\"}",
        "{id:\"material\",count:1,material:\"minecraft:carpet\"}",
        "{id:\"material\",count:1,material:\"minecraft:snow_layer\"}",
        "{id:\"material\",count:1,material:\"minecraft:cactus\"}",
        "{id:\"material\",count:1,material:\"minecraft:cake\"}",
        "{id:\"material\",count:1,material:\"minecraft:tallgrass\"}",
        "{id:\"material\",count:1,material:\"minecraft:web\"}",
        "{id:\"material\",count:1,material:\"minecraft:grass\"}",
        "{id:\"block\",count:1,block:\"minecraft:snow\"}",
        "{id:\"name\",count:1,name:\"wooden\"}",
        "{id:\"item\",count:1,item:\"minecraft:apple\"}",
        "{id:\"item\",count:1,item:\"minecraft:bow\"}",
        "{id:\"item\",count:1,item:\"minecraft:bowl\"}",
        "{id:\"item\",count:1,item:\"minecraft:arrow\"}",
        "{id:\"item\",count:1,item:\"minecraft:apple\"}",
        "{id:\"item\",count:1,item:\"minecraft:string\"}",
        "{id:\"item\",count:1,item:\"minecraft:feather\"}",
        "{id:\"item\",count:1,item:\"minecraft:wheat\"}",
        "{id:\"item\",count:1,item:\"minecraft:bread\"}",
        "{id:\"item\",count:1,item:\"minecraft:leather\"}",
        "{id:\"item\",count:1,item:\"minecraft:leather_boots\"}",
        "{id:\"item\",count:1,item:\"minecraft:leather_chestplate\"}",
        "{id:\"item\",count:1,item:\"minecraft:leather_helmet\"}",
        "{id:\"item\",count:1,item:\"minecraft:leather_leggings\"}",
        "{id:\"item\",count:1,item:\"minecraft:lead\"}",
        "{id:\"item\",count:1,item:\"minecraft:painting\"}",
        "{id:\"item\",count:1,item:\"minecraft:sign\"}",
        "{id:\"item\",count:1,item:\"minecraft:acacia_boat\"}",
        "{id:\"item\",count:1,item:\"minecraft:acacia_door\"}",
        "{id:\"item\",count:1,item:\"minecraft:dark_oak_boat\"}",
        "{id:\"item\",count:1,item:\"minecraft:dark_oak_door\"}",
        "{id:\"item\",count:1,item:\"minecraft:birch_boat\"}",
        "{id:\"item\",count:1,item:\"minecraft:birch_door\"}",
        "{id:\"item\",count:1,item:\"minecraft:jungle_boat\"}",
        "{id:\"item\",count:1,item:\"minecraft:jungle_door\"}",
        "{id:\"item\",count:1,item:\"minecraft:boat\"}",
        "{id:\"item\",count:1,item:\"minecraft:wooden_door\"}",
        "{id:\"item\",count:1,item:\"minecraft:spruce_boat\"}",
        "{id:\"item\",count:1,item:\"minecraft:spruce_door\"}",
        "{id:\"item\",count:1,item:\"minecraft:saddle\"}",
        "{id:\"item\",count:1,item:\"minecraft:bone\"}",
        "{id:\"item\",count:1,item:\"minecraft:sugar\"}",
        "{id:\"item\",count:1,item:\"minecraft:paper\"}",
        "{id:\"item\",count:1,item:\"minecraft:book\"}",
        "{id:\"item\",count:1,item:\"minecraft:egg\"}",
        "{id:\"item\",count:1,item:\"minecraft:fishing_rod\"}",
        "{id:\"item\",count:1,item:\"minecraft:dye\"}",
        "{id:\"item\",count:1,item:\"minecraft:cake\"}",
        "{id:\"item\",count:1,item:\"minecraft:bed\"}",
        "{id:\"item\",count:1,item:\"minecraft:melon\"}",
        "{id:\"item\",count:1,item:\"minecraft:shears\"}",
        "{id:\"item\",count:1,item:\"minecraft:writable_book\"}",
        "{id:\"item\",count:1,item:\"minecraft:written_book\"}",
        "{id:\"item\",count:1,item:\"minecraft:carrot\"}",
        "{id:\"item\",count:1,item:\"minecraft:potato\"}",
        "{id:\"item\",count:1,item:\"minecraft:poisonous_potato\"}",
        "{id:\"item\",count:1,item:\"minecraft:baked_potato\"}",
        "{id:\"item\",count:1,item:\"minecraft:map\"}",
        "{id:\"item\",count:1,item:\"minecraft:pumpkin_pie\"}",
        "{id:\"item\",count:1,item:\"minecraft:name_tag\"}",
        "{id:\"item\",count:1,item:\"minecraft:enchanted_book\"}",
        "{id:\"item\",count:1,item:\"minecraft:elytra\"}",
        "{id:\"item\",count:1,item:\"minecraft:mutton\"}",
        "{id:\"item\",count:1,item:\"minecraft:cooked_mutton\"}",
        "{id:\"item\",count:1,item:\"minecraft:rabbit\"}",
        "{id:\"item\",count:1,item:\"minecraft:cooked_rabbit\"}",
        "{id:\"item\",count:1,item:\"minecraft:rabbit_stew\"}",
        "{id:\"item\",count:1,item:\"minecraft:beetroot\"}",
        "{id:\"item\",count:1,item:\"minecraft:beetroot_seeds\"}",
        "{id:\"item\",count:1,item:\"minecraft:beetroot_soup\"}",
        "{id:\"item\",count:1,item:\"minecraft:shield\"}",
        "{id:\"item\",count:1,item:\"minecraft:wheat_seeds\"}",
        "{id:\"item\",count:1,item:\"minecraft:pumpkin_seeds\"}",
        "{id:\"item\",count:1,item:\"minecraft:melon_seeds\"}",
        "{id:\"fuel\",count:1}",
        "{id:\"item\",count:1,item:\"minecraft:spider_eye\"}",
        "{id:\"item\",count:1,item:\"minecraft:rotten_flesh\"}",
        "{id:\"item\",count:1,item:\"minecraft:snowball\"}",
        "{id:\"name\",count:1,name:\"leather\"}",
        "{id:\"name\",count:1,name:\"food\"}",
        "{id:\"name\",count:1,name:\"raw\"}",
        "{id:\"name\",count:1,name:\"cooked\"}",
        "{id:\"ore\",count:1,ore:\"string\"}",
        "{id:\"ore\",count:1,ore:\"book\"}",
        "{id:\"material\",count:1,material:\"minecraft:glass\"}",
        "{id:\"name\",count:1,name:\"potion\"}",
        "{id:\"name\",count:1,name:\"fluid_bottle\"}",
        "{id:\"name\",count:1,name:\"juice\"}",
        "{id:\"ore\",count:1,ore:\"itemEmptyBottle\"}"
      ],
      "isWhitelist": true
    },
    "undestroyableItems": {
      "entries": [
        "{id:\"item\",count:1,item:\"minecraft:nether_star\"}",
        "{id:\"block\",count:1,block:\"minecraft:bedrock\"}",
        "{id:\"block\",count:1,block:\"minecraft:obsidian\"}",
        "{id:\"material\",count:1,material:\"minecraft:barrier\"}",
        "{id:\"item\",count:1,item:\"lycanitesmobs:cooked_cephignis_meat\"}",
        "{id:\"item\",count:1,item:\"minecraft:blaze_rod\"}",
        "{id:\"item\",count:1,item:\"minecraft:lava_bucket\"}"
      ],
      "isWhitelist": true
    },
    "ignitingItems": {
      "entries": [
        "{id:\"material\",count:1,material:\"minecraft:flowing_lava\"}",
        "{id:\"block\",count:1,block:\"minecraft:torch\"}",
        "{id:\"item\",count:1,item:\"minecraft:lava_bucket\"}",
        "{id:\"item\",count:1,item:\"minecraft:blaze_powder\"}"
      ],
      "isWhitelist": true
    }
  },
  "pickup": {
    "customPickup": true,
    "pickupWhenSneaking": true,
    "maximumPickupRange": 5.0,
    "pickupMinedImmediately": false,
    "respectRangeWhenMined": false
  }
}